DATAFLOW,LAST UPDATE,freq,unit,geo,TIME_PERIOD,OBS_VALUE,OBS_FLAG
ESTAT:SDG_07_20(1.0),21/05/24 11:00:00,A,KGOE,AL,2000,123,
ESTAT:SDG_07_20(1.0),21/05/24 11:00:00,A,KGOE,AL,2001,122,
ESTAT:SDG_07_20(1.0),21/05/24 11:00:00,A,KGOE,AL,2002,199,
ESTAT:SDG_07_20(1.0),21/05/24 11:00:00,A,KGOE,AL,2003,125,
ESTAT:SDG_07_20(1.0),21/05/24 11:00:00,A,KGOE,AL,2004,181,
ESTAT:SDG_07_20(1.0),21/05/24 11:00:00,A,KGOE,AL,2005,172,
ESTAT:SDG_07_20(1.0),21/05/24 11:00:00,A,KGOE,AL,2006,151,
ESTAT:SDG_07_20(1.0),21/05/24 11:00:00,A,KGOE,AL,2007,142,
ESTAT:SDG_07_20(1.0),21/05/24 11:00:00,A,KGOE,AL,2008,151,
ESTAT:SDG_07_20(1.0),21/05/24 11:00:00,A,KGOE,AL,2009,166,
ESTAT:SDG_07_20(1.0),21/05/24 11:00:00,A,KGOE,AL,2010,168,
ESTAT:SDG_07_20(1.0),21/05/24 11:00:00,A,KGOE,AL,2011,172,
ESTAT:SDG_07_20(1.0),21/05/24 11:00:00,A,KGOE,AL,2012,176,
ESTAT:SDG_07_20(1.0),21/05/24 11:00:00,A,KGOE,AL,2013,200,
ESTAT:SDG_07_20(1.0),21/05/24 11:00:00,A,KGOE,AL,2014,193,
ESTAT:SDG_07_20(1.0),21/05/24 11:00:00,A,KGOE,AL,2015,185,
ESTAT:SDG_07_20(1.0),21/05/24 11:00:00,A,KGOE,AL,2016,173,
ESTAT:SDG_07_20(1.0),21/05/24 11:00:00,A,KGOE,AL,2017,171,
ESTAT:SDG_07_20(1.0),21/05/24 11:00:00,A,KGOE,AL,2018,178,
ESTAT:SDG_07_20(1.0),21/05/24 11:00:00,A,KGOE,AL,2019,177,
ESTAT:SDG_07_20(1.0),21/05/24 11:00:00,A,KGOE,AL,2020,190,
ESTAT:SDG_07_20(1.0),21/05/24 11:00:00,A,KGOE,AL,2021,195,
ESTAT:SDG_07_20(1.0),21/05/24 11:00:00,A,KGOE,AL,2022,189,
ESTAT:SDG_07_20(1.0),21/05/24 11:00:00,A,KGOE,AT,2000,792,
ESTAT:SDG_07_20(1.0),21/05/24 11:00:00,A,KGOE,AT,2001,832,
ESTAT:SDG_07_20(1.0),21/05/24 11:00:00,A,KGOE,AT,2002,796,
ESTAT:SDG_07_20(1.0),21/05/24 11:00:00,A,KGOE,AT,2003,808,
ESTAT:SDG_07_20(1.0),21/05/24 11:00:00,A,KGOE,AT,2004,787,
ESTAT:SDG_07_20(1.0),21/05/24 11:00:00,A,KGOE,AT,2005,800,
ESTAT:SDG_07_20(1.0),21/05/24 11:00:00,A,KGOE,AT,2006,788,
ESTAT:SDG_07_20(1.0),21/05/24 11:00:00,A,KGOE,AT,2007,755,
ESTAT:SDG_07_20(1.0),21/05/24 11:00:00,A,KGOE,AT,2008,768,
ESTAT:SDG_07_20(1.0),21/05/24 11:00:00,A,KGOE,AT,2009,777,
ESTAT:SDG_07_20(1.0),21/05/24 11:00:00,A,KGOE,AT,2010,844,
ESTAT:SDG_07_20(1.0),21/05/24 11:00:00,A,KGOE,AT,2011,781,
ESTAT:SDG_07_20(1.0),21/05/24 11:00:00,A,KGOE,AT,2012,792,
ESTAT:SDG_07_20(1.0),21/05/24 11:00:00,A,KGOE,AT,2013,815,
ESTAT:SDG_07_20(1.0),21/05/24 11:00:00,A,KGOE,AT,2014,730,
ESTAT:SDG_07_20(1.0),21/05/24 11:00:00,A,KGOE,AT,2015,767,
ESTAT:SDG_07_20(1.0),21/05/24 11:00:00,A,KGOE,AT,2016,792,
ESTAT:SDG_07_20(1.0),21/05/24 11:00:00,A,KGOE,AT,2017,791,
ESTAT:SDG_07_20(1.0),21/05/24 11:00:00,A,KGOE,AT,2018,739,
ESTAT:SDG_07_20(1.0),21/05/24 11:00:00,A,KGOE,AT,2019,753,
ESTAT:SDG_07_20(1.0),21/05/24 11:00:00,A,KGOE,AT,2020,781,
ESTAT:SDG_07_20(1.0),21/05/24 11:00:00,A,KGOE,AT,2021,871,
ESTAT:SDG_07_20(1.0),21/05/24 11:00:00,A,KGOE,AT,2022,735,
ESTAT:SDG_07_20(1.0),21/05/24 11:00:00,A,KGOE,BA,2014,256,
ESTAT:SDG_07_20(1.0),21/05/24 11:00:00,A,KGOE,BA,2015,303,
ESTAT:SDG_07_20(1.0),21/05/24 11:00:00,A,KGOE,BA,2016,324,
ESTAT:SDG_07_20(1.0),21/05/24 11:00:00,A,KGOE,BA,2017,298,
ESTAT:SDG_07_20(1.0),21/05/24 11:00:00,A,KGOE,BA,2018,492,p
ESTAT:SDG_07_20(1.0),21/05/24 11:00:00,A,KGOE,BE,2000,926,
ESTAT:SDG_07_20(1.0),21/05/24 11:00:00,A,KGOE,BE,2001,962,
ESTAT:SDG_07_20(1.0),21/05/24 11:00:00,A,KGOE,BE,2002,904,
ESTAT:SDG_07_20(1.0),21/05/24 11:00:00,A,KGOE,BE,2003,951,
ESTAT:SDG_07_20(1.0),21/05/24 11:00:00,A,KGOE,BE,2004,882,
ESTAT:SDG_07_20(1.0),21/05/24 11:00:00,A,KGOE,BE,2005,873,
ESTAT:SDG_07_20(1.0),21/05/24 11:00:00,A,KGOE,BE,2006,827,
ESTAT:SDG_07_20(1.0),21/05/24 11:00:00,A,KGOE,BE,2007,760,
ESTAT:SDG_07_20(1.0),21/05/24 11:00:00,A,KGOE,BE,2008,853,
ESTAT:SDG_07_20(1.0),21/05/24 11:00:00,A,KGOE,BE,2009,803,
ESTAT:SDG_07_20(1.0),21/05/24 11:00:00,A,KGOE,BE,2010,883,
ESTAT:SDG_07_20(1.0),21/05/24 11:00:00,A,KGOE,BE,2011,727,b
ESTAT:SDG_07_20(1.0),21/05/24 11:00:00,A,KGOE,BE,2012,765,b
ESTAT:SDG_07_20(1.0),21/05/24 11:00:00,A,KGOE,BE,2013,818,
ESTAT:SDG_07_20(1.0),21/05/24 11:00:00,A,KGOE,BE,2014,666,
ESTAT:SDG_07_20(1.0),21/05/24 11:00:00,A,KGOE,BE,2015,731,
ESTAT:SDG_07_20(1.0),21/05/24 11:00:00,A,KGOE,BE,2016,731,
ESTAT:SDG_07_20(1.0),21/05/24 11:00:00,A,KGOE,BE,2017,717,
ESTAT:SDG_07_20(1.0),21/05/24 11:00:00,A,KGOE,BE,2018,707,
ESTAT:SDG_07_20(1.0),21/05/24 11:00:00,A,KGOE,BE,2019,686,
ESTAT:SDG_07_20(1.0),21/05/24 11:00:00,A,KGOE,BE,2020,683,
ESTAT:SDG_07_20(1.0),21/05/24 11:00:00,A,KGOE,BE,2021,742,
ESTAT:SDG_07_20(1.0),21/05/24 11:00:00,A,KGOE,BE,2022,625,
ESTAT:SDG_07_20(1.0),21/05/24 11:00:00,A,KGOE,BG,2000,257,
ESTAT:SDG_07_20(1.0),21/05/24 11:00:00,A,KGOE,BG,2001,247,
ESTAT:SDG_07_20(1.0),21/05/24 11:00:00,A,KGOE,BG,2002,270,
ESTAT:SDG_07_20(1.0),21/05/24 11:00:00,A,KGOE,BG,2003,287,
ESTAT:SDG_07_20(1.0),21/05/24 11:00:00,A,KGOE,BG,2004,270,
ESTAT:SDG_07_20(1.0),21/05/24 11:00:00,A,KGOE,BG,2005,273,
ESTAT:SDG_07_20(1.0),21/05/24 11:00:00,A,KGOE,BG,2006,284,
ESTAT:SDG_07_20(1.0),21/05/24 11:00:00,A,KGOE,BG,2007,273,
ESTAT:SDG_07_20(1.0),21/05/24 11:00:00,A,KGOE,BG,2008,282,
ESTAT:SDG_07_20(1.0),21/05/24 11:00:00,A,KGOE,BG,2009,284,
ESTAT:SDG_07_20(1.0),21/05/24 11:00:00,A,KGOE,BG,2010,303,
ESTAT:SDG_07_20(1.0),21/05/24 11:00:00,A,KGOE,BG,2011,323,
ESTAT:SDG_07_20(1.0),21/05/24 11:00:00,A,KGOE,BG,2012,322,
ESTAT:SDG_07_20(1.0),21/05/24 11:00:00,A,KGOE,BG,2013,308,
ESTAT:SDG_07_20(1.0),21/05/24 11:00:00,A,KGOE,BG,2014,300,
ESTAT:SDG_07_20(1.0),21/05/24 11:00:00,A,KGOE,BG,2015,306,
ESTAT:SDG_07_20(1.0),21/05/24 11:00:00,A,KGOE,BG,2016,316,
ESTAT:SDG_07_20(1.0),21/05/24 11:00:00,A,KGOE,BG,2017,328,
ESTAT:SDG_07_20(1.0),21/05/24 11:00:00,A,KGOE,BG,2018,317,
ESTAT:SDG_07_20(1.0),21/05/24 11:00:00,A,KGOE,BG,2019,310,
ESTAT:SDG_07_20(1.0),21/05/24 11:00:00,A,KGOE,BG,2020,344,
ESTAT:SDG_07_20(1.0),21/05/24 11:00:00,A,KGOE,BG,2021,349,
ESTAT:SDG_07_20(1.0),21/05/24 11:00:00,A,KGOE,BG,2022,322,
ESTAT:SDG_07_20(1.0),21/05/24 11:00:00,A,KGOE,CY,2000,253,
ESTAT:SDG_07_20(1.0),21/05/24 11:00:00,A,KGOE,CY,2001,249,
ESTAT:SDG_07_20(1.0),21/05/24 11:00:00,A,KGOE,CY,2002,272,
ESTAT:SDG_07_20(1.0),21/05/24 11:00:00,A,KGOE,CY,2003,291,
ESTAT:SDG_07_20(1.0),21/05/24 11:00:00,A,KGOE,CY,2004,277,
ESTAT:SDG_07_20(1.0),21/05/24 11:00:00,A,KGOE,CY,2005,429,
ESTAT:SDG_07_20(1.0),21/05/24 11:00:00,A,KGOE,CY,2006,437,
ESTAT:SDG_07_20(1.0),21/05/24 11:00:00,A,KGOE,CY,2007,443,
ESTAT:SDG_07_20(1.0),21/05/24 11:00:00,A,KGOE,CY,2008,427,
ESTAT:SDG_07_20(1.0),21/05/24 11:00:00,A,KGOE,CY,2009,441,
ESTAT:SDG_07_20(1.0),21/05/24 11:00:00,A,KGOE,CY,2010,405,
ESTAT:SDG_07_20(1.0),21/05/24 11:00:00,A,KGOE,CY,2011,417,
ESTAT:SDG_07_20(1.0),21/05/24 11:00:00,A,KGOE,CY,2012,405,
ESTAT:SDG_07_20(1.0),21/05/24 11:00:00,A,KGOE,CY,2013,354,
ESTAT:SDG_07_20(1.0),21/05/24 11:00:00,A,KGOE,CY,2014,343,
ESTAT:SDG_07_20(1.0),21/05/24 11:00:00,A,KGOE,CY,2015,382,
ESTAT:SDG_07_20(1.0),21/05/24 11:00:00,A,KGOE,CY,2016,392,
ESTAT:SDG_07_20(1.0),21/05/24 11:00:00,A,KGOE,CY,2017,398,
ESTAT:SDG_07_20(1.0),21/05/24 11:00:00,A,KGOE,CY,2018,385,
ESTAT:SDG_07_20(1.0),21/05/24 11:00:00,A,KGOE,CY,2019,408,
ESTAT:SDG_07_20(1.0),21/05/24 11:00:00,A,KGOE,CY,2020,408,
ESTAT:SDG_07_20(1.0),21/05/24 11:00:00,A,KGOE,CY,2021,394,
ESTAT:SDG_07_20(1.0),21/05/24 11:00:00,A,KGOE,CY,2022,395,
ESTAT:SDG_07_20(1.0),21/05/24 11:00:00,A,KGOE,CZ,2000,628,
ESTAT:SDG_07_20(1.0),21/05/24 11:00:00,A,KGOE,CZ,2001,686,
ESTAT:SDG_07_20(1.0),21/05/24 11:00:00,A,KGOE,CZ,2002,659,
ESTAT:SDG_07_20(1.0),21/05/24 11:00:00,A,KGOE,CZ,2003,680,
ESTAT:SDG_07_20(1.0),21/05/24 11:00:00,A,KGOE,CZ,2004,670,
ESTAT:SDG_07_20(1.0),21/05/24 11:00:00,A,KGOE,CZ,2005,653,
ESTAT:SDG_07_20(1.0),21/05/24 11:00:00,A,KGOE,CZ,2006,663,
ESTAT:SDG_07_20(1.0),21/05/24 11:00:00,A,KGOE,CZ,2007,623,
ESTAT:SDG_07_20(1.0),21/05/24 11:00:00,A,KGOE,CZ,2008,627,
ESTAT:SDG_07_20(1.0),21/05/24 11:00:00,A,KGOE,CZ,2009,637,
ESTAT:SDG_07_20(1.0),21/05/24 11:00:00,A,KGOE,CZ,2010,710,
ESTAT:SDG_07_20(1.0),21/05/24 11:00:00,A,KGOE,CZ,2011,654,
ESTAT:SDG_07_20(1.0),21/05/24 11:00:00,A,KGOE,CZ,2012,677,
ESTAT:SDG_07_20(1.0),21/05/24 11:00:00,A,KGOE,CZ,2013,691,
ESTAT:SDG_07_20(1.0),21/05/24 11:00:00,A,KGOE,CZ,2014,623,
ESTAT:SDG_07_20(1.0),21/05/24 11:00:00,A,KGOE,CZ,2015,642,
ESTAT:SDG_07_20(1.0),21/05/24 11:00:00,A,KGOE,CZ,2016,671,
ESTAT:SDG_07_20(1.0),21/05/24 11:00:00,A,KGOE,CZ,2017,680,
ESTAT:SDG_07_20(1.0),21/05/24 11:00:00,A,KGOE,CZ,2018,663,
ESTAT:SDG_07_20(1.0),21/05/24 11:00:00,A,KGOE,CZ,2019,652,
ESTAT:SDG_07_20(1.0),21/05/24 11:00:00,A,KGOE,CZ,2020,668,
ESTAT:SDG_07_20(1.0),21/05/24 11:00:00,A,KGOE,CZ,2021,749,b
ESTAT:SDG_07_20(1.0),21/05/24 11:00:00,A,KGOE,CZ,2022,671,b
ESTAT:SDG_07_20(1.0),21/05/24 11:00:00,A,KGOE,DE,2000,795,
ESTAT:SDG_07_20(1.0),21/05/24 11:00:00,A,KGOE,DE,2001,848,
ESTAT:SDG_07_20(1.0),21/05/24 11:00:00,A,KGOE,DE,2002,815,
ESTAT:SDG_07_20(1.0),21/05/24 11:00:00,A,KGOE,DE,2003,809,
ESTAT:SDG_07_20(1.0),21/05/24 11:00:00,A,KGOE,DE,2004,785,
ESTAT:SDG_07_20(1.0),21/05/24 11:00:00,A,KGOE,DE,2005,772,
ESTAT:SDG_07_20(1.0),21/05/24 11:00:00,A,KGOE,DE,2006,785,
ESTAT:SDG_07_20(1.0),21/05/24 11:00:00,A,KGOE,DE,2007,677,
ESTAT:SDG_07_20(1.0),21/05/24 11:00:00,A,KGOE,DE,2008,763,
ESTAT:SDG_07_20(1.0),21/05/24 11:00:00,A,KGOE,DE,2009,726,
ESTAT:SDG_07_20(1.0),21/05/24 11:00:00,A,KGOE,DE,2010,781,
ESTAT:SDG_07_20(1.0),21/05/24 11:00:00,A,KGOE,DE,2011,698,b
ESTAT:SDG_07_20(1.0),21/05/24 11:00:00,A,KGOE,DE,2012,736,
ESTAT:SDG_07_20(1.0),21/05/24 11:00:00,A,KGOE,DE,2013,775,
ESTAT:SDG_07_20(1.0),21/05/24 11:00:00,A,KGOE,DE,2014,662,
ESTAT:SDG_07_20(1.0),21/05/24 11:00:00,A,KGOE,DE,2015,673,
ESTAT:SDG_07_20(1.0),21/05/24 11:00:00,A,KGOE,DE,2016,692,
ESTAT:SDG_07_20(1.0),21/05/24 11:00:00,A,KGOE,DE,2017,687,
ESTAT:SDG_07_20(1.0),21/05/24 11:00:00,A,KGOE,DE,2018,673,
ESTAT:SDG_07_20(1.0),21/05/24 11:00:00,A,KGOE,DE,2019,695,
ESTAT:SDG_07_20(1.0),21/05/24 11:00:00,A,KGOE,DE,2020,697,
ESTAT:SDG_07_20(1.0),21/05/24 11:00:00,A,KGOE,DE,2021,693,
ESTAT:SDG_07_20(1.0),21/05/24 11:00:00,A,KGOE,DE,2022,684,
ESTAT:SDG_07_20(1.0),21/05/24 11:00:00,A,KGOE,DK,2000,790,
ESTAT:SDG_07_20(1.0),21/05/24 11:00:00,A,KGOE,DK,2001,834,
ESTAT:SDG_07_20(1.0),21/05/24 11:00:00,A,KGOE,DK,2002,811,
ESTAT:SDG_07_20(1.0),21/05/24 11:00:00,A,KGOE,DK,2003,829,
ESTAT:SDG_07_20(1.0),21/05/24 11:00:00,A,KGOE,DK,2004,825,
ESTAT:SDG_07_20(1.0),21/05/24 11:00:00,A,KGOE,DK,2005,833,
ESTAT:SDG_07_20(1.0),21/05/24 11:00:00,A,KGOE,DK,2006,830,
ESTAT:SDG_07_20(1.0),21/05/24 11:00:00,A,KGOE,DK,2007,827,
ESTAT:SDG_07_20(1.0),21/05/24 11:00:00,A,KGOE,DK,2008,819,
ESTAT:SDG_07_20(1.0),21/05/24 11:00:00,A,KGOE,DK,2009,817,
ESTAT:SDG_07_20(1.0),21/05/24 11:00:00,A,KGOE,DK,2010,902,
ESTAT:SDG_07_20(1.0),21/05/24 11:00:00,A,KGOE,DK,2011,807,
ESTAT:SDG_07_20(1.0),21/05/24 11:00:00,A,KGOE,DK,2012,795,
ESTAT:SDG_07_20(1.0),21/05/24 11:00:00,A,KGOE,DK,2013,799,
ESTAT:SDG_07_20(1.0),21/05/24 11:00:00,A,KGOE,DK,2014,735,
ESTAT:SDG_07_20(1.0),21/05/24 11:00:00,A,KGOE,DK,2015,782,
ESTAT:SDG_07_20(1.0),21/05/24 11:00:00,A,KGOE,DK,2016,801,
ESTAT:SDG_07_20(1.0),21/05/24 11:00:00,A,KGOE,DK,2017,781,
ESTAT:SDG_07_20(1.0),21/05/24 11:00:00,A,KGOE,DK,2018,769,
ESTAT:SDG_07_20(1.0),21/05/24 11:00:00,A,KGOE,DK,2019,755,
ESTAT:SDG_07_20(1.0),21/05/24 11:00:00,A,KGOE,DK,2020,733,
ESTAT:SDG_07_20(1.0),21/05/24 11:00:00,A,KGOE,DK,2021,772,
ESTAT:SDG_07_20(1.0),21/05/24 11:00:00,A,KGOE,DK,2022,682,
ESTAT:SDG_07_20(1.0),21/05/24 11:00:00,A,KGOE,EE,2000,663,
ESTAT:SDG_07_20(1.0),21/05/24 11:00:00,A,KGOE,EE,2001,682,
ESTAT:SDG_07_20(1.0),21/05/24 11:00:00,A,KGOE,EE,2002,664,
ESTAT:SDG_07_20(1.0),21/05/24 11:00:00,A,KGOE,EE,2003,674,
ESTAT:SDG_07_20(1.0),21/05/24 11:00:00,A,KGOE,EE,2004,677,
ESTAT:SDG_07_20(1.0),21/05/24 11:00:00,A,KGOE,EE,2005,656,
ESTAT:SDG_07_20(1.0),21/05/24 11:00:00,A,KGOE,EE,2006,654,
ESTAT:SDG_07_20(1.0),21/05/24 11:00:00,A,KGOE,EE,2007,717,
ESTAT:SDG_07_20(1.0),21/05/24 11:00:00,A,KGOE,EE,2008,712,
ESTAT:SDG_07_20(1.0),21/05/24 11:00:00,A,KGOE,EE,2009,727,
ESTAT:SDG_07_20(1.0),21/05/24 11:00:00,A,KGOE,EE,2010,771,
ESTAT:SDG_07_20(1.0),21/05/24 11:00:00,A,KGOE,EE,2011,705,
ESTAT:SDG_07_20(1.0),21/05/24 11:00:00,A,KGOE,EE,2012,734,
ESTAT:SDG_07_20(1.0),21/05/24 11:00:00,A,KGOE,EE,2013,708,
ESTAT:SDG_07_20(1.0),21/05/24 11:00:00,A,KGOE,EE,2014,676,
ESTAT:SDG_07_20(1.0),21/05/24 11:00:00,A,KGOE,EE,2015,652,b
ESTAT:SDG_07_20(1.0),21/05/24 11:00:00,A,KGOE,EE,2016,707,
ESTAT:SDG_07_20(1.0),21/05/24 11:00:00,A,KGOE,EE,2017,714,
ESTAT:SDG_07_20(1.0),21/05/24 11:00:00,A,KGOE,EE,2018,712,
ESTAT:SDG_07_20(1.0),21/05/24 11:00:00,A,KGOE,EE,2019,717,
ESTAT:SDG_07_20(1.0),21/05/24 11:00:00,A,KGOE,EE,2020,711,
ESTAT:SDG_07_20(1.0),21/05/24 11:00:00,A,KGOE,EE,2021,725,
ESTAT:SDG_07_20(1.0),21/05/24 11:00:00,A,KGOE,EE,2022,715,
ESTAT:SDG_07_20(1.0),21/05/24 11:00:00,A,KGOE,EL,2000,422,
ESTAT:SDG_07_20(1.0),21/05/24 11:00:00,A,KGOE,EL,2001,440,
ESTAT:SDG_07_20(1.0),21/05/24 11:00:00,A,KGOE,EL,2002,457,
ESTAT:SDG_07_20(1.0),21/05/24 11:00:00,A,KGOE,EL,2003,511,
ESTAT:SDG_07_20(1.0),21/05/24 11:00:00,A,KGOE,EL,2004,500,
ESTAT:SDG_07_20(1.0),21/05/24 11:00:00,A,KGOE,EL,2005,507,
ESTAT:SDG_07_20(1.0),21/05/24 11:00:00,A,KGOE,EL,2006,506,
ESTAT:SDG_07_20(1.0),21/05/24 11:00:00,A,KGOE,EL,2007,491,
ESTAT:SDG_07_20(1.0),21/05/24 11:00:00,A,KGOE,EL,2008,476,
ESTAT:SDG_07_20(1.0),21/05/24 11:00:00,A,KGOE,EL,2009,440,
ESTAT:SDG_07_20(1.0),21/05/24 11:00:00,A,KGOE,EL,2010,420,
ESTAT:SDG_07_20(1.0),21/05/24 11:00:00,A,KGOE,EL,2011,498,
ESTAT:SDG_07_20(1.0),21/05/24 11:00:00,A,KGOE,EL,2012,461,
ESTAT:SDG_07_20(1.0),21/05/24 11:00:00,A,KGOE,EL,2013,348,
ESTAT:SDG_07_20(1.0),21/05/24 11:00:00,A,KGOE,EL,2014,353,
ESTAT:SDG_07_20(1.0),21/05/24 11:00:00,A,KGOE,EL,2015,412,
ESTAT:SDG_07_20(1.0),21/05/24 11:00:00,A,KGOE,EL,2016,403,
ESTAT:SDG_07_20(1.0),21/05/24 11:00:00,A,KGOE,EL,2017,409,
ESTAT:SDG_07_20(1.0),21/05/24 11:00:00,A,KGOE,EL,2018,364,
ESTAT:SDG_07_20(1.0),21/05/24 11:00:00,A,KGOE,EL,2019,382,
ESTAT:SDG_07_20(1.0),21/05/24 11:00:00,A,KGOE,EL,2020,400,
ESTAT:SDG_07_20(1.0),21/05/24 11:00:00,A,KGOE,EL,2021,405,
ESTAT:SDG_07_20(1.0),21/05/24 11:00:00,A,KGOE,EL,2022,414,
ESTAT:SDG_07_20(1.0),21/05/24 11:00:00,A,KGOE,ES,2000,297,
ESTAT:SDG_07_20(1.0),21/05/24 11:00:00,A,KGOE,ES,2001,310,
ESTAT:SDG_07_20(1.0),21/05/24 11:00:00,A,KGOE,ES,2002,314,
ESTAT:SDG_07_20(1.0),21/05/24 11:00:00,A,KGOE,ES,2003,331,
ESTAT:SDG_07_20(1.0),21/05/24 11:00:00,A,KGOE,ES,2004,343,
ESTAT:SDG_07_20(1.0),21/05/24 11:00:00,A,KGOE,ES,2005,348,
ESTAT:SDG_07_20(1.0),21/05/24 11:00:00,A,KGOE,ES,2006,352,
ESTAT:SDG_07_20(1.0),21/05/24 11:00:00,A,KGOE,ES,2007,346,
ESTAT:SDG_07_20(1.0),21/05/24 11:00:00,A,KGOE,ES,2008,338,
ESTAT:SDG_07_20(1.0),21/05/24 11:00:00,A,KGOE,ES,2009,344,
ESTAT:SDG_07_20(1.0),21/05/24 11:00:00,A,KGOE,ES,2010,364,
ESTAT:SDG_07_20(1.0),21/05/24 11:00:00,A,KGOE,ES,2011,334,
ESTAT:SDG_07_20(1.0),21/05/24 11:00:00,A,KGOE,ES,2012,332,
ESTAT:SDG_07_20(1.0),21/05/24 11:00:00,A,KGOE,ES,2013,319,
ESTAT:SDG_07_20(1.0),21/05/24 11:00:00,A,KGOE,ES,2014,318,
ESTAT:SDG_07_20(1.0),21/05/24 11:00:00,A,KGOE,ES,2015,329,
ESTAT:SDG_07_20(1.0),21/05/24 11:00:00,A,KGOE,ES,2016,308,
ESTAT:SDG_07_20(1.0),21/05/24 11:00:00,A,KGOE,ES,2017,309,
ESTAT:SDG_07_20(1.0),21/05/24 11:00:00,A,KGOE,ES,2018,324,
ESTAT:SDG_07_20(1.0),21/05/24 11:00:00,A,KGOE,ES,2019,306,
ESTAT:SDG_07_20(1.0),21/05/24 11:00:00,A,KGOE,ES,2020,307,
ESTAT:SDG_07_20(1.0),21/05/24 11:00:00,A,KGOE,ES,2021,311,
ESTAT:SDG_07_20(1.0),21/05/24 11:00:00,A,KGOE,ES,2022,299,
ESTAT:SDG_07_20(1.0),21/05/24 11:00:00,A,KGOE,EU27_2020,2000,579,b
ESTAT:SDG_07_20(1.0),21/05/24 11:00:00,A,KGOE,EU27_2020,2001,610,b
ESTAT:SDG_07_20(1.0),21/05/24 11:00:00,A,KGOE,EU27_2020,2002,596,
ESTAT:SDG_07_20(1.0),21/05/24 11:00:00,A,KGOE,EU27_2020,2003,614,
ESTAT:SDG_07_20(1.0),21/05/24 11:00:00,A,KGOE,EU27_2020,2004,607,
ESTAT:SDG_07_20(1.0),21/05/24 11:00:00,A,KGOE,EU27_2020,2005,612,
ESTAT:SDG_07_20(1.0),21/05/24 11:00:00,A,KGOE,EU27_2020,2006,608,
ESTAT:SDG_07_20(1.0),21/05/24 11:00:00,A,KGOE,EU27_2020,2007,569,
ESTAT:SDG_07_20(1.0),21/05/24 11:00:00,A,KGOE,EU27_2020,2008,601,b
ESTAT:SDG_07_20(1.0),21/05/24 11:00:00,A,KGOE,EU27_2020,2009,596,
ESTAT:SDG_07_20(1.0),21/05/24 11:00:00,A,KGOE,EU27_2020,2010,634,b
ESTAT:SDG_07_20(1.0),21/05/24 11:00:00,A,KGOE,EU27_2020,2011,574,b
ESTAT:SDG_07_20(1.0),21/05/24 11:00:00,A,KGOE,EU27_2020,2012,598,b
ESTAT:SDG_07_20(1.0),21/05/24 11:00:00,A,KGOE,EU27_2020,2013,604,
ESTAT:SDG_07_20(1.0),21/05/24 11:00:00,A,KGOE,EU27_2020,2014,531,b
ESTAT:SDG_07_20(1.0),21/05/24 11:00:00,A,KGOE,EU27_2020,2015,554,b
ESTAT:SDG_07_20(1.0),21/05/24 11:00:00,A,KGOE,EU27_2020,2016,566,
ESTAT:SDG_07_20(1.0),21/05/24 11:00:00,A,KGOE,EU27_2020,2017,567,b
ESTAT:SDG_07_20(1.0),21/05/24 11:00:00,A,KGOE,EU27_2020,2018,561,e
ESTAT:SDG_07_20(1.0),21/05/24 11:00:00,A,KGOE,EU27_2020,2019,556,bep
ESTAT:SDG_07_20(1.0),21/05/24 11:00:00,A,KGOE,EU27_2020,2020,556,ep
ESTAT:SDG_07_20(1.0),21/05/24 11:00:00,A,KGOE,EU27_2020,2021,587,bep
ESTAT:SDG_07_20(1.0),21/05/24 11:00:00,A,KGOE,EU27_2020,2022,542,bep
ESTAT:SDG_07_20(1.0),21/05/24 11:00:00,A,KGOE,FI,2000,868,
ESTAT:SDG_07_20(1.0),21/05/24 11:00:00,A,KGOE,FI,2001,941,
ESTAT:SDG_07_20(1.0),21/05/24 11:00:00,A,KGOE,FI,2002,956,
ESTAT:SDG_07_20(1.0),21/05/24 11:00:00,A,KGOE,FI,2003,982,
ESTAT:SDG_07_20(1.0),21/05/24 11:00:00,A,KGOE,FI,2004,963,
ESTAT:SDG_07_20(1.0),21/05/24 11:00:00,A,KGOE,FI,2005,957,
ESTAT:SDG_07_20(1.0),21/05/24 11:00:00,A,KGOE,FI,2006,973,
ESTAT:SDG_07_20(1.0),21/05/24 11:00:00,A,KGOE,FI,2007,969,
ESTAT:SDG_07_20(1.0),21/05/24 11:00:00,A,KGOE,FI,2008,939,
ESTAT:SDG_07_20(1.0),21/05/24 11:00:00,A,KGOE,FI,2009,983,
ESTAT:SDG_07_20(1.0),21/05/24 11:00:00,A,KGOE,FI,2010,1084,
ESTAT:SDG_07_20(1.0),21/05/24 11:00:00,A,KGOE,FI,2011,945,
ESTAT:SDG_07_20(1.0),21/05/24 11:00:00,A,KGOE,FI,2012,1008,
ESTAT:SDG_07_20(1.0),21/05/24 11:00:00,A,KGOE,FI,2013,951,
ESTAT:SDG_07_20(1.0),21/05/24 11:00:00,A,KGOE,FI,2014,939,
ESTAT:SDG_07_20(1.0),21/05/24 11:00:00,A,KGOE,FI,2015,904,
ESTAT:SDG_07_20(1.0),21/05/24 11:00:00,A,KGOE,FI,2016,972,
ESTAT:SDG_07_20(1.0),21/05/24 11:00:00,A,KGOE,FI,2017,1046,
ESTAT:SDG_07_20(1.0),21/05/24 11:00:00,A,KGOE,FI,2018,1032,
ESTAT:SDG_07_20(1.0),21/05/24 11:00:00,A,KGOE,FI,2019,1020,
ESTAT:SDG_07_20(1.0),21/05/24 11:00:00,A,KGOE,FI,2020,956,
ESTAT:SDG_07_20(1.0),21/05/24 11:00:00,A,KGOE,FI,2021,1076,
ESTAT:SDG_07_20(1.0),21/05/24 11:00:00,A,KGOE,FI,2022,1016,
ESTAT:SDG_07_20(1.0),21/05/24 11:00:00,A,KGOE,FR,2000,668,
ESTAT:SDG_07_20(1.0),21/05/24 11:00:00,A,KGOE,FR,2001,694,
ESTAT:SDG_07_20(1.0),21/05/24 11:00:00,A,KGOE,FR,2002,662,
ESTAT:SDG_07_20(1.0),21/05/24 11:00:00,A,KGOE,FR,2003,682,
ESTAT:SDG_07_20(1.0),21/05/24 11:00:00,A,KGOE,FR,2004,704,
ESTAT:SDG_07_20(1.0),21/05/24 11:00:00,A,KGOE,FR,2005,683,
ESTAT:SDG_07_20(1.0),21/05/24 11:00:00,A,KGOE,FR,2006,668,
ESTAT:SDG_07_20(1.0),21/05/24 11:00:00,A,KGOE,FR,2007,633,
ESTAT:SDG_07_20(1.0),21/05/24 11:00:00,A,KGOE,FR,2008,688,
ESTAT:SDG_07_20(1.0),21/05/24 11:00:00,A,KGOE,FR,2009,682,
ESTAT:SDG_07_20(1.0),21/05/24 11:00:00,A,KGOE,FR,2010,701,
ESTAT:SDG_07_20(1.0),21/05/24 11:00:00,A,KGOE,FR,2011,611,
ESTAT:SDG_07_20(1.0),21/05/24 11:00:00,A,KGOE,FR,2012,669,
ESTAT:SDG_07_20(1.0),21/05/24 11:00:00,A,KGOE,FR,2013,700,
ESTAT:SDG_07_20(1.0),21/05/24 11:00:00,A,KGOE,FR,2014,572,b
ESTAT:SDG_07_20(1.0),21/05/24 11:00:00,A,KGOE,FR,2015,605,
ESTAT:SDG_07_20(1.0),21/05/24 11:00:00,A,KGOE,FR,2016,632,
ESTAT:SDG_07_20(1.0),21/05/24 11:00:00,A,KGOE,FR,2017,620,
ESTAT:SDG_07_20(1.0),21/05/24 11:00:00,A,KGOE,FR,2018,600,
ESTAT:SDG_07_20(1.0),21/05/24 11:00:00,A,KGOE,FR,2019,595,p
ESTAT:SDG_07_20(1.0),21/05/24 11:00:00,A,KGOE,FR,2020,580,p
ESTAT:SDG_07_20(1.0),21/05/24 11:00:00,A,KGOE,FR,2021,623,p
ESTAT:SDG_07_20(1.0),21/05/24 11:00:00,A,KGOE,FR,2022,547,p
ESTAT:SDG_07_20(1.0),21/05/24 11:00:00,A,KGOE,HR,2000,514,e
ESTAT:SDG_07_20(1.0),21/05/24 11:00:00,A,KGOE,HR,2001,574,b
ESTAT:SDG_07_20(1.0),21/05/24 11:00:00,A,KGOE,HR,2002,577,
ESTAT:SDG_07_20(1.0),21/05/24 11:00:00,A,KGOE,HR,2003,629,
ESTAT:SDG_07_20(1.0),21/05/24 11:00:00,A,KGOE,HR,2004,627,
ESTAT:SDG_07_20(1.0),21/05/24 11:00:00,A,KGOE,HR,2005,655,
ESTAT:SDG_07_20(1.0),21/05/24 11:00:00,A,KGOE,HR,2006,616,
ESTAT:SDG_07_20(1.0),21/05/24 11:00:00,A,KGOE,HR,2007,587,
ESTAT:SDG_07_20(1.0),21/05/24 11:00:00,A,KGOE,HR,2008,601,
ESTAT:SDG_07_20(1.0),21/05/24 11:00:00,A,KGOE,HR,2009,614,
ESTAT:SDG_07_20(1.0),21/05/24 11:00:00,A,KGOE,HR,2010,645,
ESTAT:SDG_07_20(1.0),21/05/24 11:00:00,A,KGOE,HR,2011,617,
ESTAT:SDG_07_20(1.0),21/05/24 11:00:00,A,KGOE,HR,2012,600,
ESTAT:SDG_07_20(1.0),21/05/24 11:00:00,A,KGOE,HR,2013,586,
ESTAT:SDG_07_20(1.0),21/05/24 11:00:00,A,KGOE,HR,2014,526,
ESTAT:SDG_07_20(1.0),21/05/24 11:00:00,A,KGOE,HR,2015,577,
ESTAT:SDG_07_20(1.0),21/05/24 11:00:00,A,KGOE,HR,2016,577,
ESTAT:SDG_07_20(1.0),21/05/24 11:00:00,A,KGOE,HR,2017,579,
ESTAT:SDG_07_20(1.0),21/05/24 11:00:00,A,KGOE,HR,2018,562,
ESTAT:SDG_07_20(1.0),21/05/24 11:00:00,A,KGOE,HR,2019,550,
ESTAT:SDG_07_20(1.0),21/05/24 11:00:00,A,KGOE,HR,2020,563,
ESTAT:SDG_07_20(1.0),21/05/24 11:00:00,A,KGOE,HR,2021,618,
ESTAT:SDG_07_20(1.0),21/05/24 11:00:00,A,KGOE,HR,2022,593,
ESTAT:SDG_07_20(1.0),21/05/24 11:00:00,A,KGOE,HU,2000,549,
ESTAT:SDG_07_20(1.0),21/05/24 11:00:00,A,KGOE,HU,2001,590,
ESTAT:SDG_07_20(1.0),21/05/24 11:00:00,A,KGOE,HU,2002,592,
ESTAT:SDG_07_20(1.0),21/05/24 11:00:00,A,KGOE,HU,2003,652,
ESTAT:SDG_07_20(1.0),21/05/24 11:00:00,A,KGOE,HU,2004,603,
ESTAT:SDG_07_20(1.0),21/05/24 11:00:00,A,KGOE,HU,2005,691,
ESTAT:SDG_07_20(1.0),21/05/24 11:00:00,A,KGOE,HU,2006,667,
ESTAT:SDG_07_20(1.0),21/05/24 11:00:00,A,KGOE,HU,2007,608,
ESTAT:SDG_07_20(1.0),21/05/24 11:00:00,A,KGOE,HU,2008,599,
ESTAT:SDG_07_20(1.0),21/05/24 11:00:00,A,KGOE,HU,2009,630,
ESTAT:SDG_07_20(1.0),21/05/24 11:00:00,A,KGOE,HU,2010,665,
ESTAT:SDG_07_20(1.0),21/05/24 11:00:00,A,KGOE,HU,2011,659,
ESTAT:SDG_07_20(1.0),21/05/24 11:00:00,A,KGOE,HU,2012,643,b
ESTAT:SDG_07_20(1.0),21/05/24 11:00:00,A,KGOE,HU,2013,628,
ESTAT:SDG_07_20(1.0),21/05/24 11:00:00,A,KGOE,HU,2014,556,
ESTAT:SDG_07_20(1.0),21/05/24 11:00:00,A,KGOE,HU,2015,607,
ESTAT:SDG_07_20(1.0),21/05/24 11:00:00,A,KGOE,HU,2016,627,
ESTAT:SDG_07_20(1.0),21/05/24 11:00:00,A,KGOE,HU,2017,643,
ESTAT:SDG_07_20(1.0),21/05/24 11:00:00,A,KGOE,HU,2018,595,
ESTAT:SDG_07_20(1.0),21/05/24 11:00:00,A,KGOE,HU,2019,581,
ESTAT:SDG_07_20(1.0),21/05/24 11:00:00,A,KGOE,HU,2020,613,
ESTAT:SDG_07_20(1.0),21/05/24 11:00:00,A,KGOE,HU,2021,656,
ESTAT:SDG_07_20(1.0),21/05/24 11:00:00,A,KGOE,HU,2022,603,
ESTAT:SDG_07_20(1.0),21/05/24 11:00:00,A,KGOE,IE,2000,713,
ESTAT:SDG_07_20(1.0),21/05/24 11:00:00,A,KGOE,IE,2001,747,
ESTAT:SDG_07_20(1.0),21/05/24 11:00:00,A,KGOE,IE,2002,733,
ESTAT:SDG_07_20(1.0),21/05/24 11:00:00,A,KGOE,IE,2003,758,
ESTAT:SDG_07_20(1.0),21/05/24 11:00:00,A,KGOE,IE,2004,772,
ESTAT:SDG_07_20(1.0),21/05/24 11:00:00,A,KGOE,IE,2005,794,
ESTAT:SDG_07_20(1.0),21/05/24 11:00:00,A,KGOE,IE,2006,777,
ESTAT:SDG_07_20(1.0),21/05/24 11:00:00,A,KGOE,IE,2007,744,
ESTAT:SDG_07_20(1.0),21/05/24 11:00:00,A,KGOE,IE,2008,797,
ESTAT:SDG_07_20(1.0),21/05/24 11:00:00,A,KGOE,IE,2009,767,
ESTAT:SDG_07_20(1.0),21/05/24 11:00:00,A,KGOE,IE,2010,797,
ESTAT:SDG_07_20(1.0),21/05/24 11:00:00,A,KGOE,IE,2011,697,
ESTAT:SDG_07_20(1.0),21/05/24 11:00:00,A,KGOE,IE,2012,660,
ESTAT:SDG_07_20(1.0),21/05/24 11:00:00,A,KGOE,IE,2013,640,
ESTAT:SDG_07_20(1.0),21/05/24 11:00:00,A,KGOE,IE,2014,574,
ESTAT:SDG_07_20(1.0),21/05/24 11:00:00,A,KGOE,IE,2015,605,
ESTAT:SDG_07_20(1.0),21/05/24 11:00:00,A,KGOE,IE,2016,619,
ESTAT:SDG_07_20(1.0),21/05/24 11:00:00,A,KGOE,IE,2017,595,
ESTAT:SDG_07_20(1.0),21/05/24 11:00:00,A,KGOE,IE,2018,626,e
ESTAT:SDG_07_20(1.0),21/05/24 11:00:00,A,KGOE,IE,2019,602,e
ESTAT:SDG_07_20(1.0),21/05/24 11:00:00,A,KGOE,IE,2020,648,
ESTAT:SDG_07_20(1.0),21/05/24 11:00:00,A,KGOE,IE,2021,617,
ESTAT:SDG_07_20(1.0),21/05/24 11:00:00,A,KGOE,IE,2022,530,
ESTAT:SDG_07_20(1.0),21/05/24 11:00:00,A,KGOE,IS,2000,1105,
ESTAT:SDG_07_20(1.0),21/05/24 11:00:00,A,KGOE,IS,2001,1099,
ESTAT:SDG_07_20(1.0),21/05/24 11:00:00,A,KGOE,IS,2002,1118,
ESTAT:SDG_07_20(1.0),21/05/24 11:00:00,A,KGOE,IS,2003,1102,
ESTAT:SDG_07_20(1.0),21/05/24 11:00:00,A,KGOE,IS,2004,1124,
ESTAT:SDG_07_20(1.0),21/05/24 11:00:00,A,KGOE,IS,2005,1129,
ESTAT:SDG_07_20(1.0),21/05/24 11:00:00,A,KGOE,IS,2006,1132,
ESTAT:SDG_07_20(1.0),21/05/24 11:00:00,A,KGOE,IS,2007,1155,
ESTAT:SDG_07_20(1.0),21/05/24 11:00:00,A,KGOE,IS,2008,1181,
ESTAT:SDG_07_20(1.0),21/05/24 11:00:00,A,KGOE,IS,2009,1178,
ESTAT:SDG_07_20(1.0),21/05/24 11:00:00,A,KGOE,IS,2010,1187,
ESTAT:SDG_07_20(1.0),21/05/24 11:00:00,A,KGOE,IS,2011,1162,
ESTAT:SDG_07_20(1.0),21/05/24 11:00:00,A,KGOE,IS,2012,1249,
ESTAT:SDG_07_20(1.0),21/05/24 11:00:00,A,KGOE,IS,2013,1233,
ESTAT:SDG_07_20(1.0),21/05/24 11:00:00,A,KGOE,IS,2014,1175,
ESTAT:SDG_07_20(1.0),21/05/24 11:00:00,A,KGOE,IS,2015,1186,
ESTAT:SDG_07_20(1.0),21/05/24 11:00:00,A,KGOE,IS,2016,1262,
ESTAT:SDG_07_20(1.0),21/05/24 11:00:00,A,KGOE,IS,2017,1230,
ESTAT:SDG_07_20(1.0),21/05/24 11:00:00,A,KGOE,IS,2018,1433,
ESTAT:SDG_07_20(1.0),21/05/24 11:00:00,A,KGOE,IS,2019,1259,
ESTAT:SDG_07_20(1.0),21/05/24 11:00:00,A,KGOE,IS,2020,1316,
ESTAT:SDG_07_20(1.0),21/05/24 11:00:00,A,KGOE,IS,2021,1344,
ESTAT:SDG_07_20(1.0),21/05/24 11:00:00,A,KGOE,IT,2000,485,
ESTAT:SDG_07_20(1.0),21/05/24 11:00:00,A,KGOE,IT,2001,507,
ESTAT:SDG_07_20(1.0),21/05/24 11:00:00,A,KGOE,IT,2002,504,
ESTAT:SDG_07_20(1.0),21/05/24 11:00:00,A,KGOE,IT,2003,551,
ESTAT:SDG_07_20(1.0),21/05/24 11:00:00,A,KGOE,IT,2004,545,
ESTAT:SDG_07_20(1.0),21/05/24 11:00:00,A,KGOE,IT,2005,585,
ESTAT:SDG_07_20(1.0),21/05/24 11:00:00,A,KGOE,IT,2006,558,
ESTAT:SDG_07_20(1.0),21/05/24 11:00:00,A,KGOE,IT,2007,553,
ESTAT:SDG_07_20(1.0),21/05/24 11:00:00,A,KGOE,IT,2008,571,
ESTAT:SDG_07_20(1.0),21/05/24 11:00:00,A,KGOE,IT,2009,576,
ESTAT:SDG_07_20(1.0),21/05/24 11:00:00,A,KGOE,IT,2010,597,
ESTAT:SDG_07_20(1.0),21/05/24 11:00:00,A,KGOE,IT,2011,545,
ESTAT:SDG_07_20(1.0),21/05/24 11:00:00,A,KGOE,IT,2012,577,
ESTAT:SDG_07_20(1.0),21/05/24 11:00:00,A,KGOE,IT,2013,568,
ESTAT:SDG_07_20(1.0),21/05/24 11:00:00,A,KGOE,IT,2014,486,
ESTAT:SDG_07_20(1.0),21/05/24 11:00:00,A,KGOE,IT,2015,535,
ESTAT:SDG_07_20(1.0),21/05/24 11:00:00,A,KGOE,IT,2016,531,
ESTAT:SDG_07_20(1.0),21/05/24 11:00:00,A,KGOE,IT,2017,543,
ESTAT:SDG_07_20(1.0),21/05/24 11:00:00,A,KGOE,IT,2018,528,
ESTAT:SDG_07_20(1.0),21/05/24 11:00:00,A,KGOE,IT,2019,521,b
ESTAT:SDG_07_20(1.0),21/05/24 11:00:00,A,KGOE,IT,2020,516,
ESTAT:SDG_07_20(1.0),21/05/24 11:00:00,A,KGOE,IT,2021,565,
ESTAT:SDG_07_20(1.0),21/05/24 11:00:00,A,KGOE,IT,2022,509,
ESTAT:SDG_07_20(1.0),21/05/24 11:00:00,A,KGOE,LT,2000,390,
ESTAT:SDG_07_20(1.0),21/05/24 11:00:00,A,KGOE,LT,2001,408,
ESTAT:SDG_07_20(1.0),21/05/24 11:00:00,A,KGOE,LT,2002,418,
ESTAT:SDG_07_20(1.0),21/05/24 11:00:00,A,KGOE,LT,2003,429,
ESTAT:SDG_07_20(1.0),21/05/24 11:00:00,A,KGOE,LT,2004,438,
ESTAT:SDG_07_20(1.0),21/05/24 11:00:00,A,KGOE,LT,2005,453,
ESTAT:SDG_07_20(1.0),21/05/24 11:00:00,A,KGOE,LT,2006,480,
ESTAT:SDG_07_20(1.0),21/05/24 11:00:00,A,KGOE,LT,2007,465,
ESTAT:SDG_07_20(1.0),21/05/24 11:00:00,A,KGOE,LT,2008,485,
ESTAT:SDG_07_20(1.0),21/05/24 11:00:00,A,KGOE,LT,2009,496,
ESTAT:SDG_07_20(1.0),21/05/24 11:00:00,A,KGOE,LT,2010,514,
ESTAT:SDG_07_20(1.0),21/05/24 11:00:00,A,KGOE,LT,2011,506,
ESTAT:SDG_07_20(1.0),21/05/24 11:00:00,A,KGOE,LT,2012,514,
ESTAT:SDG_07_20(1.0),21/05/24 11:00:00,A,KGOE,LT,2013,496,
ESTAT:SDG_07_20(1.0),21/05/24 11:00:00,A,KGOE,LT,2014,478,
ESTAT:SDG_07_20(1.0),21/05/24 11:00:00,A,KGOE,LT,2015,468,
ESTAT:SDG_07_20(1.0),21/05/24 11:00:00,A,KGOE,LT,2016,500,
ESTAT:SDG_07_20(1.0),21/05/24 11:00:00,A,KGOE,LT,2017,515,
ESTAT:SDG_07_20(1.0),21/05/24 11:00:00,A,KGOE,LT,2018,540,
ESTAT:SDG_07_20(1.0),21/05/24 11:00:00,A,KGOE,LT,2019,518,
ESTAT:SDG_07_20(1.0),21/05/24 11:00:00,A,KGOE,LT,2020,513,
ESTAT:SDG_07_20(1.0),21/05/24 11:00:00,A,KGOE,LT,2021,582,
ESTAT:SDG_07_20(1.0),21/05/24 11:00:00,A,KGOE,LT,2022,550,
ESTAT:SDG_07_20(1.0),21/05/24 11:00:00,A,KGOE,LU,2000,1072,
ESTAT:SDG_07_20(1.0),21/05/24 11:00:00,A,KGOE,LU,2001,1141,
ESTAT:SDG_07_20(1.0),21/05/24 11:00:00,A,KGOE,LU,2002,1084,
ESTAT:SDG_07_20(1.0),21/05/24 11:00:00,A,KGOE,LU,2003,1110,
ESTAT:SDG_07_20(1.0),21/05/24 11:00:00,A,KGOE,LU,2004,1164,
ESTAT:SDG_07_20(1.0),21/05/24 11:00:00,A,KGOE,LU,2005,1130,
ESTAT:SDG_07_20(1.0),21/05/24 11:00:00,A,KGOE,LU,2006,1092,
ESTAT:SDG_07_20(1.0),21/05/24 11:00:00,A,KGOE,LU,2007,1046,
ESTAT:SDG_07_20(1.0),21/05/24 11:00:00,A,KGOE,LU,2008,1047,
ESTAT:SDG_07_20(1.0),21/05/24 11:00:00,A,KGOE,LU,2009,1041,
ESTAT:SDG_07_20(1.0),21/05/24 11:00:00,A,KGOE,LU,2010,1011,
ESTAT:SDG_07_20(1.0),21/05/24 11:00:00,A,KGOE,LU,2011,921,
ESTAT:SDG_07_20(1.0),21/05/24 11:00:00,A,KGOE,LU,2012,923,b
ESTAT:SDG_07_20(1.0),21/05/24 11:00:00,A,KGOE,LU,2013,917,
ESTAT:SDG_07_20(1.0),21/05/24 11:00:00,A,KGOE,LU,2014,841,
ESTAT:SDG_07_20(1.0),21/05/24 11:00:00,A,KGOE,LU,2015,894,
ESTAT:SDG_07_20(1.0),21/05/24 11:00:00,A,KGOE,LU,2016,902,
ESTAT:SDG_07_20(1.0),21/05/24 11:00:00,A,KGOE,LU,2017,898,b
ESTAT:SDG_07_20(1.0),21/05/24 11:00:00,A,KGOE,LU,2018,823,
ESTAT:SDG_07_20(1.0),21/05/24 11:00:00,A,KGOE,LU,2019,747,
ESTAT:SDG_07_20(1.0),21/05/24 11:00:00,A,KGOE,LU,2020,790,
ESTAT:SDG_07_20(1.0),21/05/24 11:00:00,A,KGOE,LU,2021,750,
ESTAT:SDG_07_20(1.0),21/05/24 11:00:00,A,KGOE,LU,2022,701,
ESTAT:SDG_07_20(1.0),21/05/24 11:00:00,A,KGOE,LV,2000,560,
ESTAT:SDG_07_20(1.0),21/05/24 11:00:00,A,KGOE,LV,2001,617,
ESTAT:SDG_07_20(1.0),21/05/24 11:00:00,A,KGOE,LV,2002,619,
ESTAT:SDG_07_20(1.0),21/05/24 11:00:00,A,KGOE,LV,2003,655,
ESTAT:SDG_07_20(1.0),21/05/24 11:00:00,A,KGOE,LV,2004,651,
ESTAT:SDG_07_20(1.0),21/05/24 11:00:00,A,KGOE,LV,2005,672,
ESTAT:SDG_07_20(1.0),21/05/24 11:00:00,A,KGOE,LV,2006,667,
ESTAT:SDG_07_20(1.0),21/05/24 11:00:00,A,KGOE,LV,2007,662,
ESTAT:SDG_07_20(1.0),21/05/24 11:00:00,A,KGOE,LV,2008,667,
ESTAT:SDG_07_20(1.0),21/05/24 11:00:00,A,KGOE,LV,2009,717,
ESTAT:SDG_07_20(1.0),21/05/24 11:00:00,A,KGOE,LV,2010,662,
ESTAT:SDG_07_20(1.0),21/05/24 11:00:00,A,KGOE,LV,2011,644,
ESTAT:SDG_07_20(1.0),21/05/24 11:00:00,A,KGOE,LV,2012,677,
ESTAT:SDG_07_20(1.0),21/05/24 11:00:00,A,KGOE,LV,2013,630,
ESTAT:SDG_07_20(1.0),21/05/24 11:00:00,A,KGOE,LV,2014,621,
ESTAT:SDG_07_20(1.0),21/05/24 11:00:00,A,KGOE,LV,2015,559,
ESTAT:SDG_07_20(1.0),21/05/24 11:00:00,A,KGOE,LV,2016,584,
ESTAT:SDG_07_20(1.0),21/05/24 11:00:00,A,KGOE,LV,2017,616,
ESTAT:SDG_07_20(1.0),21/05/24 11:00:00,A,KGOE,LV,2018,639,
ESTAT:SDG_07_20(1.0),21/05/24 11:00:00,A,KGOE,LV,2019,621,
ESTAT:SDG_07_20(1.0),21/05/24 11:00:00,A,KGOE,LV,2020,587,
ESTAT:SDG_07_20(1.0),21/05/24 11:00:00,A,KGOE,LV,2021,638,
ESTAT:SDG_07_20(1.0),21/05/24 11:00:00,A,KGOE,LV,2022,592,
ESTAT:SDG_07_20(1.0),21/05/24 11:00:00,A,KGOE,ME,2005,397,
ESTAT:SDG_07_20(1.0),21/05/24 11:00:00,A,KGOE,ME,2006,403,
ESTAT:SDG_07_20(1.0),21/05/24 11:00:00,A,KGOE,ME,2007,399,
ESTAT:SDG_07_20(1.0),21/05/24 11:00:00,A,KGOE,ME,2008,407,
ESTAT:SDG_07_20(1.0),21/05/24 11:00:00,A,KGOE,ME,2009,431,
ESTAT:SDG_07_20(1.0),21/05/24 11:00:00,A,KGOE,ME,2010,443,b
ESTAT:SDG_07_20(1.0),21/05/24 11:00:00,A,KGOE,ME,2011,434,
ESTAT:SDG_07_20(1.0),21/05/24 11:00:00,A,KGOE,ME,2012,453,
ESTAT:SDG_07_20(1.0),21/05/24 11:00:00,A,KGOE,ME,2013,433,
ESTAT:SDG_07_20(1.0),21/05/24 11:00:00,A,KGOE,ME,2014,412,
ESTAT:SDG_07_20(1.0),21/05/24 11:00:00,A,KGOE,ME,2015,427,
ESTAT:SDG_07_20(1.0),21/05/24 11:00:00,A,KGOE,ME,2016,425,
ESTAT:SDG_07_20(1.0),21/05/24 11:00:00,A,KGOE,ME,2017,423,
ESTAT:SDG_07_20(1.0),21/05/24 11:00:00,A,KGOE,ME,2018,399,
ESTAT:SDG_07_20(1.0),21/05/24 11:00:00,A,KGOE,ME,2019,392,
ESTAT:SDG_07_20(1.0),21/05/24 11:00:00,A,KGOE,ME,2020,391,
ESTAT:SDG_07_20(1.0),21/05/24 11:00:00,A,KGOE,ME,2021,416,
ESTAT:SDG_07_20(1.0),21/05/24 11:00:00,A,KGOE,ME,2022,403,
ESTAT:SDG_07_20(1.0),21/05/24 11:00:00,A,KGOE,MK,2000,237,
ESTAT:SDG_07_20(1.0),21/05/24 11:00:00,A,KGOE,MK,2001,217,
ESTAT:SDG_07_20(1.0),21/05/24 11:00:00,A,KGOE,MK,2002,221,
ESTAT:SDG_07_20(1.0),21/05/24 11:00:00,A,KGOE,MK,2003,244,
ESTAT:SDG_07_20(1.0),21/05/24 11:00:00,A,KGOE,MK,2004,241,
ESTAT:SDG_07_20(1.0),21/05/24 11:00:00,A,KGOE,MK,2005,265,
ESTAT:SDG_07_20(1.0),21/05/24 11:00:00,A,KGOE,MK,2006,268,
ESTAT:SDG_07_20(1.0),21/05/24 11:00:00,A,KGOE,MK,2007,261,
ESTAT:SDG_07_20(1.0),21/05/24 11:00:00,A,KGOE,MK,2008,259,
ESTAT:SDG_07_20(1.0),21/05/24 11:00:00,A,KGOE,MK,2009,268,
ESTAT:SDG_07_20(1.0),21/05/24 11:00:00,A,KGOE,MK,2010,262,
ESTAT:SDG_07_20(1.0),21/05/24 11:00:00,A,KGOE,MK,2011,275,
ESTAT:SDG_07_20(1.0),21/05/24 11:00:00,A,KGOE,MK,2012,271,
ESTAT:SDG_07_20(1.0),21/05/24 11:00:00,A,KGOE,MK,2013,251,
ESTAT:SDG_07_20(1.0),21/05/24 11:00:00,A,KGOE,MK,2014,253,
ESTAT:SDG_07_20(1.0),21/05/24 11:00:00,A,KGOE,MK,2015,257,
ESTAT:SDG_07_20(1.0),21/05/24 11:00:00,A,KGOE,MK,2016,237,
ESTAT:SDG_07_20(1.0),21/05/24 11:00:00,A,KGOE,MK,2017,255,
ESTAT:SDG_07_20(1.0),21/05/24 11:00:00,A,KGOE,MK,2018,233,
ESTAT:SDG_07_20(1.0),21/05/24 11:00:00,A,KGOE,MK,2019,237,
ESTAT:SDG_07_20(1.0),21/05/24 11:00:00,A,KGOE,MK,2020,245,
ESTAT:SDG_07_20(1.0),21/05/24 11:00:00,A,KGOE,MK,2021,270,
ESTAT:SDG_07_20(1.0),21/05/24 11:00:00,A,KGOE,MK,2022,269,
ESTAT:SDG_07_20(1.0),21/05/24 11:00:00,A,KGOE,MT,2000,196,
ESTAT:SDG_07_20(1.0),21/05/24 11:00:00,A,KGOE,MT,2001,191,
ESTAT:SDG_07_20(1.0),21/05/24 11:00:00,A,KGOE,MT,2002,204,
ESTAT:SDG_07_20(1.0),21/05/24 11:00:00,A,KGOE,MT,2003,223,
ESTAT:SDG_07_20(1.0),21/05/24 11:00:00,A,KGOE,MT,2004,221,
ESTAT:SDG_07_20(1.0),21/05/24 11:00:00,A,KGOE,MT,2005,179,
ESTAT:SDG_07_20(1.0),21/05/24 11:00:00,A,KGOE,MT,2006,180,
ESTAT:SDG_07_20(1.0),21/05/24 11:00:00,A,KGOE,MT,2007,174,
ESTAT:SDG_07_20(1.0),21/05/24 11:00:00,A,KGOE,MT,2008,173,
ESTAT:SDG_07_20(1.0),21/05/24 11:00:00,A,KGOE,MT,2009,156,
ESTAT:SDG_07_20(1.0),21/05/24 11:00:00,A,KGOE,MT,2010,167,
ESTAT:SDG_07_20(1.0),21/05/24 11:00:00,A,KGOE,MT,2011,165,
ESTAT:SDG_07_20(1.0),21/05/24 11:00:00,A,KGOE,MT,2012,172,
ESTAT:SDG_07_20(1.0),21/05/24 11:00:00,A,KGOE,MT,2013,174,
ESTAT:SDG_07_20(1.0),21/05/24 11:00:00,A,KGOE,MT,2014,170,
ESTAT:SDG_07_20(1.0),21/05/24 11:00:00,A,KGOE,MT,2015,179,
ESTAT:SDG_07_20(1.0),21/05/24 11:00:00,A,KGOE,MT,2016,170,
ESTAT:SDG_07_20(1.0),21/05/24 11:00:00,A,KGOE,MT,2017,195,
ESTAT:SDG_07_20(1.0),21/05/24 11:00:00,A,KGOE,MT,2018,192,
ESTAT:SDG_07_20(1.0),21/05/24 11:00:00,A,KGOE,MT,2019,201,
ESTAT:SDG_07_20(1.0),21/05/24 11:00:00,A,KGOE,MT,2020,206,
ESTAT:SDG_07_20(1.0),21/05/24 11:00:00,A,KGOE,MT,2021,211,
ESTAT:SDG_07_20(1.0),21/05/24 11:00:00,A,KGOE,MT,2022,215,
ESTAT:SDG_07_20(1.0),21/05/24 11:00:00,A,KGOE,NL,2000,680,
ESTAT:SDG_07_20(1.0),21/05/24 11:00:00,A,KGOE,NL,2001,711,
ESTAT:SDG_07_20(1.0),21/05/24 11:00:00,A,KGOE,NL,2002,689,
ESTAT:SDG_07_20(1.0),21/05/24 11:00:00,A,KGOE,NL,2003,703,
ESTAT:SDG_07_20(1.0),21/05/24 11:00:00,A,KGOE,NL,2004,678,
ESTAT:SDG_07_20(1.0),21/05/24 11:00:00,A,KGOE,NL,2005,658,
ESTAT:SDG_07_20(1.0),21/05/24 11:00:00,A,KGOE,NL,2006,663,
ESTAT:SDG_07_20(1.0),21/05/24 11:00:00,A,KGOE,NL,2007,609,
ESTAT:SDG_07_20(1.0),21/05/24 11:00:00,A,KGOE,NL,2008,670,
ESTAT:SDG_07_20(1.0),21/05/24 11:00:00,A,KGOE,NL,2009,667,
ESTAT:SDG_07_20(1.0),21/05/24 11:00:00,A,KGOE,NL,2010,751,
ESTAT:SDG_07_20(1.0),21/05/24 11:00:00,A,KGOE,NL,2011,616,
ESTAT:SDG_07_20(1.0),21/05/24 11:00:00,A,KGOE,NL,2012,649,
ESTAT:SDG_07_20(1.0),21/05/24 11:00:00,A,KGOE,NL,2013,679,
ESTAT:SDG_07_20(1.0),21/05/24 11:00:00,A,KGOE,NL,2014,541,
ESTAT:SDG_07_20(1.0),21/05/24 11:00:00,A,KGOE,NL,2015,561,
ESTAT:SDG_07_20(1.0),21/05/24 11:00:00,A,KGOE,NL,2016,575,
ESTAT:SDG_07_20(1.0),21/05/24 11:00:00,A,KGOE,NL,2017,558,
ESTAT:SDG_07_20(1.0),21/05/24 11:00:00,A,KGOE,NL,2018,553,
ESTAT:SDG_07_20(1.0),21/05/24 11:00:00,A,KGOE,NL,2019,537,
ESTAT:SDG_07_20(1.0),21/05/24 11:00:00,A,KGOE,NL,2020,521,
ESTAT:SDG_07_20(1.0),21/05/24 11:00:00,A,KGOE,NL,2021,574,
ESTAT:SDG_07_20(1.0),21/05/24 11:00:00,A,KGOE,NL,2022,484,
ESTAT:SDG_07_20(1.0),21/05/24 11:00:00,A,KGOE,NO,2000,852,
ESTAT:SDG_07_20(1.0),21/05/24 11:00:00,A,KGOE,NO,2001,883,
ESTAT:SDG_07_20(1.0),21/05/24 11:00:00,A,KGOE,NO,2002,877,
ESTAT:SDG_07_20(1.0),21/05/24 11:00:00,A,KGOE,NO,2003,835,
ESTAT:SDG_07_20(1.0),21/05/24 11:00:00,A,KGOE,NO,2004,829,
ESTAT:SDG_07_20(1.0),21/05/24 11:00:00,A,KGOE,NO,2005,856,
ESTAT:SDG_07_20(1.0),21/05/24 11:00:00,A,KGOE,NO,2006,844,
ESTAT:SDG_07_20(1.0),21/05/24 11:00:00,A,KGOE,NO,2007,848,
ESTAT:SDG_07_20(1.0),21/05/24 11:00:00,A,KGOE,NO,2008,845,
ESTAT:SDG_07_20(1.0),21/05/24 11:00:00,A,KGOE,NO,2009,876,
ESTAT:SDG_07_20(1.0),21/05/24 11:00:00,A,KGOE,NO,2010,969,
ESTAT:SDG_07_20(1.0),21/05/24 11:00:00,A,KGOE,NO,2011,865,
ESTAT:SDG_07_20(1.0),21/05/24 11:00:00,A,KGOE,NO,2012,904,
ESTAT:SDG_07_20(1.0),21/05/24 11:00:00,A,KGOE,NO,2013,884,
ESTAT:SDG_07_20(1.0),21/05/24 11:00:00,A,KGOE,NO,2014,822,
ESTAT:SDG_07_20(1.0),21/05/24 11:00:00,A,KGOE,NO,2015,846,
ESTAT:SDG_07_20(1.0),21/05/24 11:00:00,A,KGOE,NO,2016,864,
ESTAT:SDG_07_20(1.0),21/05/24 11:00:00,A,KGOE,NO,2017,869,
ESTAT:SDG_07_20(1.0),21/05/24 11:00:00,A,KGOE,NO,2018,868,
ESTAT:SDG_07_20(1.0),21/05/24 11:00:00,A,KGOE,NO,2019,848,
ESTAT:SDG_07_20(1.0),21/05/24 11:00:00,A,KGOE,NO,2020,849,
ESTAT:SDG_07_20(1.0),21/05/24 11:00:00,A,KGOE,NO,2021,891,
ESTAT:SDG_07_20(1.0),21/05/24 11:00:00,A,KGOE,NO,2022,813,
ESTAT:SDG_07_20(1.0),21/05/24 11:00:00,A,KGOE,PL,2000,450,b
ESTAT:SDG_07_20(1.0),21/05/24 11:00:00,A,KGOE,PL,2001,492,
ESTAT:SDG_07_20(1.0),21/05/24 11:00:00,A,KGOE,PL,2002,489,
ESTAT:SDG_07_20(1.0),21/05/24 11:00:00,A,KGOE,PL,2003,492,
ESTAT:SDG_07_20(1.0),21/05/24 11:00:00,A,KGOE,PL,2004,493,
ESTAT:SDG_07_20(1.0),21/05/24 11:00:00,A,KGOE,PL,2005,510,
ESTAT:SDG_07_20(1.0),21/05/24 11:00:00,A,KGOE,PL,2006,537,
ESTAT:SDG_07_20(1.0),21/05/24 11:00:00,A,KGOE,PL,2007,508,
ESTAT:SDG_07_20(1.0),21/05/24 11:00:00,A,KGOE,PL,2008,516,
ESTAT:SDG_07_20(1.0),21/05/24 11:00:00,A,KGOE,PL,2009,524,
ESTAT:SDG_07_20(1.0),21/05/24 11:00:00,A,KGOE,PL,2010,578,b
ESTAT:SDG_07_20(1.0),21/05/24 11:00:00,A,KGOE,PL,2011,529,
ESTAT:SDG_07_20(1.0),21/05/24 11:00:00,A,KGOE,PL,2012,547,
ESTAT:SDG_07_20(1.0),21/05/24 11:00:00,A,KGOE,PL,2013,539,
ESTAT:SDG_07_20(1.0),21/05/24 11:00:00,A,KGOE,PL,2014,501,
ESTAT:SDG_07_20(1.0),21/05/24 11:00:00,A,KGOE,PL,2015,501,
ESTAT:SDG_07_20(1.0),21/05/24 11:00:00,A,KGOE,PL,2016,524,
ESTAT:SDG_07_20(1.0),21/05/24 11:00:00,A,KGOE,PL,2017,528,
ESTAT:SDG_07_20(1.0),21/05/24 11:00:00,A,KGOE,PL,2018,594,e
ESTAT:SDG_07_20(1.0),21/05/24 11:00:00,A,KGOE,PL,2019,553,e
ESTAT:SDG_07_20(1.0),21/05/24 11:00:00,A,KGOE,PL,2020,557,ep
ESTAT:SDG_07_20(1.0),21/05/24 11:00:00,A,KGOE,PL,2021,599,b
ESTAT:SDG_07_20(1.0),21/05/24 11:00:00,A,KGOE,PL,2022,564,
ESTAT:SDG_07_20(1.0),21/05/24 11:00:00,A,KGOE,PT,2000,274,
ESTAT:SDG_07_20(1.0),21/05/24 11:00:00,A,KGOE,PT,2001,277,
ESTAT:SDG_07_20(1.0),21/05/24 11:00:00,A,KGOE,PT,2002,288,
ESTAT:SDG_07_20(1.0),21/05/24 11:00:00,A,KGOE,PT,2003,299,
ESTAT:SDG_07_20(1.0),21/05/24 11:00:00,A,KGOE,PT,2004,306,
ESTAT:SDG_07_20(1.0),21/05/24 11:00:00,A,KGOE,PT,2005,306,
ESTAT:SDG_07_20(1.0),21/05/24 11:00:00,A,KGOE,PT,2006,305,
ESTAT:SDG_07_20(1.0),21/05/24 11:00:00,A,KGOE,PT,2007,305,
ESTAT:SDG_07_20(1.0),21/05/24 11:00:00,A,KGOE,PT,2008,295,
ESTAT:SDG_07_20(1.0),21/05/24 11:00:00,A,KGOE,PT,2009,303,
ESTAT:SDG_07_20(1.0),21/05/24 11:00:00,A,KGOE,PT,2010,281,
ESTAT:SDG_07_20(1.0),21/05/24 11:00:00,A,KGOE,PT,2011,263,
ESTAT:SDG_07_20(1.0),21/05/24 11:00:00,A,KGOE,PT,2012,256,
ESTAT:SDG_07_20(1.0),21/05/24 11:00:00,A,KGOE,PT,2013,252,
ESTAT:SDG_07_20(1.0),21/05/24 11:00:00,A,KGOE,PT,2014,267,
ESTAT:SDG_07_20(1.0),21/05/24 11:00:00,A,KGOE,PT,2015,266,
ESTAT:SDG_07_20(1.0),21/05/24 11:00:00,A,KGOE,PT,2016,273,
ESTAT:SDG_07_20(1.0),21/05/24 11:00:00,A,KGOE,PT,2017,272,
ESTAT:SDG_07_20(1.0),21/05/24 11:00:00,A,KGOE,PT,2018,280,
ESTAT:SDG_07_20(1.0),21/05/24 11:00:00,A,KGOE,PT,2019,281,
ESTAT:SDG_07_20(1.0),21/05/24 11:00:00,A,KGOE,PT,2020,293,
ESTAT:SDG_07_20(1.0),21/05/24 11:00:00,A,KGOE,PT,2021,292,bp
ESTAT:SDG_07_20(1.0),21/05/24 11:00:00,A,KGOE,PT,2022,285,bp
ESTAT:SDG_07_20(1.0),21/05/24 11:00:00,A,KGOE,RO,2000,375,
ESTAT:SDG_07_20(1.0),21/05/24 11:00:00,A,KGOE,RO,2001,329,
ESTAT:SDG_07_20(1.0),21/05/24 11:00:00,A,KGOE,RO,2002,333,
ESTAT:SDG_07_20(1.0),21/05/24 11:00:00,A,KGOE,RO,2003,363,
ESTAT:SDG_07_20(1.0),21/05/24 11:00:00,A,KGOE,RO,2004,372,
ESTAT:SDG_07_20(1.0),21/05/24 11:00:00,A,KGOE,RO,2005,375,
ESTAT:SDG_07_20(1.0),21/05/24 11:00:00,A,KGOE,RO,2006,371,
ESTAT:SDG_07_20(1.0),21/05/24 11:00:00,A,KGOE,RO,2007,360,
ESTAT:SDG_07_20(1.0),21/05/24 11:00:00,A,KGOE,RO,2008,393,
ESTAT:SDG_07_20(1.0),21/05/24 11:00:00,A,KGOE,RO,2009,394,
ESTAT:SDG_07_20(1.0),21/05/24 11:00:00,A,KGOE,RO,2010,400,
ESTAT:SDG_07_20(1.0),21/05/24 11:00:00,A,KGOE,RO,2011,390,
ESTAT:SDG_07_20(1.0),21/05/24 11:00:00,A,KGOE,RO,2012,402,
ESTAT:SDG_07_20(1.0),21/05/24 11:00:00,A,KGOE,RO,2013,386,
ESTAT:SDG_07_20(1.0),21/05/24 11:00:00,A,KGOE,RO,2014,372,
ESTAT:SDG_07_20(1.0),21/05/24 11:00:00,A,KGOE,RO,2015,372,
ESTAT:SDG_07_20(1.0),21/05/24 11:00:00,A,KGOE,RO,2016,376,
ESTAT:SDG_07_20(1.0),21/05/24 11:00:00,A,KGOE,RO,2017,395,
ESTAT:SDG_07_20(1.0),21/05/24 11:00:00,A,KGOE,RO,2018,399,
ESTAT:SDG_07_20(1.0),21/05/24 11:00:00,A,KGOE,RO,2019,400,e
ESTAT:SDG_07_20(1.0),21/05/24 11:00:00,A,KGOE,RO,2020,416,e
ESTAT:SDG_07_20(1.0),21/05/24 11:00:00,A,KGOE,RO,2021,458,e
ESTAT:SDG_07_20(1.0),21/05/24 11:00:00,A,KGOE,RO,2022,414,e
ESTAT:SDG_07_20(1.0),21/05/24 11:00:00,A,KGOE,RS,2000,416,
ESTAT:SDG_07_20(1.0),21/05/24 11:00:00,A,KGOE,RS,2001,421,
ESTAT:SDG_07_20(1.0),21/05/24 11:00:00,A,KGOE,RS,2002,428,
ESTAT:SDG_07_20(1.0),21/05/24 11:00:00,A,KGOE,RS,2003,435,
ESTAT:SDG_07_20(1.0),21/05/24 11:00:00,A,KGOE,RS,2004,418,
ESTAT:SDG_07_20(1.0),21/05/24 11:00:00,A,KGOE,RS,2005,416,
ESTAT:SDG_07_20(1.0),21/05/24 11:00:00,A,KGOE,RS,2006,381,
ESTAT:SDG_07_20(1.0),21/05/24 11:00:00,A,KGOE,RS,2007,438,
ESTAT:SDG_07_20(1.0),21/05/24 11:00:00,A,KGOE,RS,2008,394,
ESTAT:SDG_07_20(1.0),21/05/24 11:00:00,A,KGOE,RS,2009,416,
ESTAT:SDG_07_20(1.0),21/05/24 11:00:00,A,KGOE,RS,2010,422,
ESTAT:SDG_07_20(1.0),21/05/24 11:00:00,A,KGOE,RS,2011,433,b
ESTAT:SDG_07_20(1.0),21/05/24 11:00:00,A,KGOE,RS,2012,434,
ESTAT:SDG_07_20(1.0),21/05/24 11:00:00,A,KGOE,RS,2013,397,
ESTAT:SDG_07_20(1.0),21/05/24 11:00:00,A,KGOE,RS,2014,386,
ESTAT:SDG_07_20(1.0),21/05/24 11:00:00,A,KGOE,RS,2015,398,
ESTAT:SDG_07_20(1.0),21/05/24 11:00:00,A,KGOE,RS,2016,414,
ESTAT:SDG_07_20(1.0),21/05/24 11:00:00,A,KGOE,RS,2017,406,
ESTAT:SDG_07_20(1.0),21/05/24 11:00:00,A,KGOE,RS,2018,406,
ESTAT:SDG_07_20(1.0),21/05/24 11:00:00,A,KGOE,RS,2019,411,
ESTAT:SDG_07_20(1.0),21/05/24 11:00:00,A,KGOE,RS,2020,506,
ESTAT:SDG_07_20(1.0),21/05/24 11:00:00,A,KGOE,RS,2021,520,
ESTAT:SDG_07_20(1.0),21/05/24 11:00:00,A,KGOE,RS,2022,510,
ESTAT:SDG_07_20(1.0),21/05/24 11:00:00,A,KGOE,SE,2000,823,
ESTAT:SDG_07_20(1.0),21/05/24 11:00:00,A,KGOE,SE,2001,845,
ESTAT:SDG_07_20(1.0),21/05/24 11:00:00,A,KGOE,SE,2002,822,
ESTAT:SDG_07_20(1.0),21/05/24 11:00:00,A,KGOE,SE,2003,824,
ESTAT:SDG_07_20(1.0),21/05/24 11:00:00,A,KGOE,SE,2004,795,
ESTAT:SDG_07_20(1.0),21/05/24 11:00:00,A,KGOE,SE,2005,846,
ESTAT:SDG_07_20(1.0),21/05/24 11:00:00,A,KGOE,SE,2006,806,
ESTAT:SDG_07_20(1.0),21/05/24 11:00:00,A,KGOE,SE,2007,771,
ESTAT:SDG_07_20(1.0),21/05/24 11:00:00,A,KGOE,SE,2008,754,
ESTAT:SDG_07_20(1.0),21/05/24 11:00:00,A,KGOE,SE,2009,778,
ESTAT:SDG_07_20(1.0),21/05/24 11:00:00,A,KGOE,SE,2010,883,
ESTAT:SDG_07_20(1.0),21/05/24 11:00:00,A,KGOE,SE,2011,813,
ESTAT:SDG_07_20(1.0),21/05/24 11:00:00,A,KGOE,SE,2012,846,
ESTAT:SDG_07_20(1.0),21/05/24 11:00:00,A,KGOE,SE,2013,801,
ESTAT:SDG_07_20(1.0),21/05/24 11:00:00,A,KGOE,SE,2014,746,
ESTAT:SDG_07_20(1.0),21/05/24 11:00:00,A,KGOE,SE,2015,756,
ESTAT:SDG_07_20(1.0),21/05/24 11:00:00,A,KGOE,SE,2016,772,
ESTAT:SDG_07_20(1.0),21/05/24 11:00:00,A,KGOE,SE,2017,765,
ESTAT:SDG_07_20(1.0),21/05/24 11:00:00,A,KGOE,SE,2018,736,
ESTAT:SDG_07_20(1.0),21/05/24 11:00:00,A,KGOE,SE,2019,716,
ESTAT:SDG_07_20(1.0),21/05/24 11:00:00,A,KGOE,SE,2020,694,
ESTAT:SDG_07_20(1.0),21/05/24 11:00:00,A,KGOE,SE,2021,756,
ESTAT:SDG_07_20(1.0),21/05/24 11:00:00,A,KGOE,SE,2022,673,
ESTAT:SDG_07_20(1.0),21/05/24 11:00:00,A,KGOE,SI,2000,625,
ESTAT:SDG_07_20(1.0),21/05/24 11:00:00,A,KGOE,SI,2001,667,
ESTAT:SDG_07_20(1.0),21/05/24 11:00:00,A,KGOE,SI,2002,646,
ESTAT:SDG_07_20(1.0),21/05/24 11:00:00,A,KGOE,SI,2003,705,
ESTAT:SDG_07_20(1.0),21/05/24 11:00:00,A,KGOE,SI,2004,692,
ESTAT:SDG_07_20(1.0),21/05/24 11:00:00,A,KGOE,SI,2005,714,
ESTAT:SDG_07_20(1.0),21/05/24 11:00:00,A,KGOE,SI,2006,665,
ESTAT:SDG_07_20(1.0),21/05/24 11:00:00,A,KGOE,SI,2007,645,
ESTAT:SDG_07_20(1.0),21/05/24 11:00:00,A,KGOE,SI,2008,670,b
ESTAT:SDG_07_20(1.0),21/05/24 11:00:00,A,KGOE,SI,2009,647,
ESTAT:SDG_07_20(1.0),21/05/24 11:00:00,A,KGOE,SI,2010,666,
ESTAT:SDG_07_20(1.0),21/05/24 11:00:00,A,KGOE,SI,2011,635,
ESTAT:SDG_07_20(1.0),21/05/24 11:00:00,A,KGOE,SI,2012,610,
ESTAT:SDG_07_20(1.0),21/05/24 11:00:00,A,KGOE,SI,2013,602,
ESTAT:SDG_07_20(1.0),21/05/24 11:00:00,A,KGOE,SI,2014,514,
ESTAT:SDG_07_20(1.0),21/05/24 11:00:00,A,KGOE,SI,2015,565,
ESTAT:SDG_07_20(1.0),21/05/24 11:00:00,A,KGOE,SI,2016,575,
ESTAT:SDG_07_20(1.0),21/05/24 11:00:00,A,KGOE,SI,2017,560,
ESTAT:SDG_07_20(1.0),21/05/24 11:00:00,A,KGOE,SI,2018,523,
ESTAT:SDG_07_20(1.0),21/05/24 11:00:00,A,KGOE,SI,2019,506,
ESTAT:SDG_07_20(1.0),21/05/24 11:00:00,A,KGOE,SI,2020,518,
ESTAT:SDG_07_20(1.0),21/05/24 11:00:00,A,KGOE,SI,2021,550,
ESTAT:SDG_07_20(1.0),21/05/24 11:00:00,A,KGOE,SI,2022,495,
ESTAT:SDG_07_20(1.0),21/05/24 11:00:00,A,KGOE,SK,2000,480,
ESTAT:SDG_07_20(1.0),21/05/24 11:00:00,A,KGOE,SK,2001,573,
ESTAT:SDG_07_20(1.0),21/05/24 11:00:00,A,KGOE,SK,2002,558,
ESTAT:SDG_07_20(1.0),21/05/24 11:00:00,A,KGOE,SK,2003,528,
ESTAT:SDG_07_20(1.0),21/05/24 11:00:00,A,KGOE,SK,2004,496,
ESTAT:SDG_07_20(1.0),21/05/24 11:00:00,A,KGOE,SK,2005,473,
ESTAT:SDG_07_20(1.0),21/05/24 11:00:00,A,KGOE,SK,2006,430,
ESTAT:SDG_07_20(1.0),21/05/24 11:00:00,A,KGOE,SK,2007,387,
ESTAT:SDG_07_20(1.0),21/05/24 11:00:00,A,KGOE,SK,2008,396,
ESTAT:SDG_07_20(1.0),21/05/24 11:00:00,A,KGOE,SK,2009,399,
ESTAT:SDG_07_20(1.0),21/05/24 11:00:00,A,KGOE,SK,2010,562,
ESTAT:SDG_07_20(1.0),21/05/24 11:00:00,A,KGOE,SK,2011,517,
ESTAT:SDG_07_20(1.0),21/05/24 11:00:00,A,KGOE,SK,2012,522,
ESTAT:SDG_07_20(1.0),21/05/24 11:00:00,A,KGOE,SK,2013,525,
ESTAT:SDG_07_20(1.0),21/05/24 11:00:00,A,KGOE,SK,2014,429,
ESTAT:SDG_07_20(1.0),21/05/24 11:00:00,A,KGOE,SK,2015,474,
ESTAT:SDG_07_20(1.0),21/05/24 11:00:00,A,KGOE,SK,2016,495,
ESTAT:SDG_07_20(1.0),21/05/24 11:00:00,A,KGOE,SK,2017,505,
ESTAT:SDG_07_20(1.0),21/05/24 11:00:00,A,KGOE,SK,2018,467,
ESTAT:SDG_07_20(1.0),21/05/24 11:00:00,A,KGOE,SK,2019,484,
ESTAT:SDG_07_20(1.0),21/05/24 11:00:00,A,KGOE,SK,2020,503,
ESTAT:SDG_07_20(1.0),21/05/24 11:00:00,A,KGOE,SK,2021,545,
ESTAT:SDG_07_20(1.0),21/05/24 11:00:00,A,KGOE,SK,2022,495,
ESTAT:SDG_07_20(1.0),21/05/24 11:00:00,A,KGOE,TR,2000,265,
ESTAT:SDG_07_20(1.0),21/05/24 11:00:00,A,KGOE,TR,2001,250,
ESTAT:SDG_07_20(1.0),21/05/24 11:00:00,A,KGOE,TR,2002,250,
ESTAT:SDG_07_20(1.0),21/05/24 11:00:00,A,KGOE,TR,2003,259,
ESTAT:SDG_07_20(1.0),21/05/24 11:00:00,A,KGOE,TR,2004,264,
ESTAT:SDG_07_20(1.0),21/05/24 11:00:00,A,KGOE,TR,2005,280,
ESTAT:SDG_07_20(1.0),21/05/24 11:00:00,A,KGOE,TR,2006,281,
ESTAT:SDG_07_20(1.0),21/05/24 11:00:00,A,KGOE,TR,2007,288,
ESTAT:SDG_07_20(1.0),21/05/24 11:00:00,A,KGOE,TR,2008,285,
ESTAT:SDG_07_20(1.0),21/05/24 11:00:00,A,KGOE,TR,2009,262,
ESTAT:SDG_07_20(1.0),21/05/24 11:00:00,A,KGOE,TR,2010,265,
ESTAT:SDG_07_20(1.0),21/05/24 11:00:00,A,KGOE,TR,2011,280,
ESTAT:SDG_07_20(1.0),21/05/24 11:00:00,A,KGOE,TR,2012,269,
ESTAT:SDG_07_20(1.0),21/05/24 11:00:00,A,KGOE,TR,2013,260,
ESTAT:SDG_07_20(1.0),21/05/24 11:00:00,A,KGOE,TR,2014,248,
ESTAT:SDG_07_20(1.0),21/05/24 11:00:00,A,KGOE,TR,2015,258,
ESTAT:SDG_07_20(1.0),21/05/24 11:00:00,A,KGOE,TR,2016,261,
ESTAT:SDG_07_20(1.0),21/05/24 11:00:00,A,KGOE,TR,2017,276,
ESTAT:SDG_07_20(1.0),21/05/24 11:00:00,A,KGOE,TR,2018,253,be
ESTAT:SDG_07_20(1.0),21/05/24 11:00:00,A,KGOE,TR,2019,261,be
ESTAT:SDG_07_20(1.0),21/05/24 11:00:00,A,KGOE,TR,2020,276,
ESTAT:SDG_07_20(1.0),21/05/24 11:00:00,A,KGOE,TR,2021,314,
ESTAT:SDG_07_20(1.0),21/05/24 11:00:00,A,KGOE,TR,2022,312,
ESTAT:SDG_07_20(1.0),21/05/24 11:00:00,A,KGOE,UK,2000,732,
ESTAT:SDG_07_20(1.0),21/05/24 11:00:00,A,KGOE,UK,2001,750,
ESTAT:SDG_07_20(1.0),21/05/24 11:00:00,A,KGOE,UK,2002,733,
ESTAT:SDG_07_20(1.0),21/05/24 11:00:00,A,KGOE,UK,2003,750,
ESTAT:SDG_07_20(1.0),21/05/24 11:00:00,A,KGOE,UK,2004,761,
ESTAT:SDG_07_20(1.0),21/05/24 11:00:00,A,KGOE,UK,2005,733,
ESTAT:SDG_07_20(1.0),21/05/24 11:00:00,A,KGOE,UK,2006,709,
ESTAT:SDG_07_20(1.0),21/05/24 11:00:00,A,KGOE,UK,2007,679,
ESTAT:SDG_07_20(1.0),21/05/24 11:00:00,A,KGOE,UK,2008,688,
ESTAT:SDG_07_20(1.0),21/05/24 11:00:00,A,KGOE,UK,2009,664,
ESTAT:SDG_07_20(1.0),21/05/24 11:00:00,A,KGOE,UK,2010,725,
ESTAT:SDG_07_20(1.0),21/05/24 11:00:00,A,KGOE,UK,2011,597,
ESTAT:SDG_07_20(1.0),21/05/24 11:00:00,A,KGOE,UK,2012,643,
ESTAT:SDG_07_20(1.0),21/05/24 11:00:00,A,KGOE,UK,2013,646,
ESTAT:SDG_07_20(1.0),21/05/24 11:00:00,A,KGOE,UK,2014,554,
ESTAT:SDG_07_20(1.0),21/05/24 11:00:00,A,KGOE,UK,2015,572,
ESTAT:SDG_07_20(1.0),21/05/24 11:00:00,A,KGOE,UK,2016,579,
ESTAT:SDG_07_20(1.0),21/05/24 11:00:00,A,KGOE,UK,2017,557,
ESTAT:SDG_07_20(1.0),21/05/24 11:00:00,A,KGOE,UK,2018,576,
ESTAT:SDG_07_20(1.0),21/05/24 11:00:00,A,KGOE,UK,2019,571,
ESTAT:SDG_07_20(1.0),21/05/24 11:00:00,A,KGOE,XK,2003,159,
ESTAT:SDG_07_20(1.0),21/05/24 11:00:00,A,KGOE,XK,2004,161,
ESTAT:SDG_07_20(1.0),21/05/24 11:00:00,A,KGOE,XK,2005,167,
ESTAT:SDG_07_20(1.0),21/05/24 11:00:00,A,KGOE,XK,2006,167,
ESTAT:SDG_07_20(1.0),21/05/24 11:00:00,A,KGOE,XK,2007,158,
ESTAT:SDG_07_20(1.0),21/05/24 11:00:00,A,KGOE,XK,2008,213,
ESTAT:SDG_07_20(1.0),21/05/24 11:00:00,A,KGOE,XK,2009,208,
ESTAT:SDG_07_20(1.0),21/05/24 11:00:00,A,KGOE,XK,2010,231,b
ESTAT:SDG_07_20(1.0),21/05/24 11:00:00,A,KGOE,XK,2011,275,b
ESTAT:SDG_07_20(1.0),21/05/24 11:00:00,A,KGOE,XK,2012,264,e
ESTAT:SDG_07_20(1.0),21/05/24 11:00:00,A,KGOE,XK,2013,272,e
ESTAT:SDG_07_20(1.0),21/05/24 11:00:00,A,KGOE,XK,2014,265,e
ESTAT:SDG_07_20(1.0),21/05/24 11:00:00,A,KGOE,XK,2015,266,e
ESTAT:SDG_07_20(1.0),21/05/24 11:00:00,A,KGOE,XK,2016,309,e
ESTAT:SDG_07_20(1.0),21/05/24 11:00:00,A,KGOE,XK,2017,319,e
ESTAT:SDG_07_20(1.0),21/05/24 11:00:00,A,KGOE,XK,2018,319,
ESTAT:SDG_07_20(1.0),21/05/24 11:00:00,A,KGOE,XK,2019,328,
ESTAT:SDG_07_20(1.0),21/05/24 11:00:00,A,KGOE,XK,2020,340,e
